Domain,Status,Attractiveness,Demand,Length,Sectors,Created,Expires,Registrar
brief.vision,available,124,19%,5,"Business,Education,General,Law",,,
tenth.vision,available,116,7%,5,Mathematics,,,
flat.vision,available,116,24%,4,"Construction,Real Estate",,,
equal.vision,available,116,19%,5,"Education,General,Law",,,
tonic.vision,expiring,114,22%,5,"Health and Fitness,Medicine,Science",02/09/2024 03:12,02/09/2025 03:12,Porkbun LLC
hotshot.vision,available,112,14%,7,"Business,Entertainment,Sports",,,
acute.vision,available,112,9%,5,"Mathematics,Medicine,Science",,,
above.vision,available,112,22%,5,Business,,,
abstract.vision,available,108,29%,8,"Arts,Humanities,Science",,,
abiding.vision,available,106,5%,7,"General,Religion",,,
teen.vision,available,104,14%,4,"Education,Entertainment,Healthcare",,,
captive.vision,available,102,14%,7,"Entertainment,Hospitality,Technology",,,
absent.vision,available,102,8%,6,"Business,Education,Technology",,,
remove.vision,available,100,13%,6,"Construction,Manufacturing,Technology",,,
ninth.vision,available,100,9%,5,Mathematics,,,
whiz.vision,available,100,12%,4,"Business,Education,Technology",,,
crack.vision,available,100,20%,5,Sports,,,
adjunct.vision,available,100,5%,7,Education,,,
eighth.vision,available,100,6%,6,Mathematics,,,
sixth.vision,available,100,8%,5,Mathematics,,,
abrupt.vision,available,100,3%,6,"Medicine,Science",,,
whizz.vision,available,98,11%,5,"Business,Education,Technology",,,
academic.vision,available,96,20%,8,"Education,Humanities,Science",,,
doable.vision,available,96,9%,6,"Business,Education,Technology",,,
forgiving.vision,available,96,3%,9,"Healthcare,Religion",,,
alamode.vision,available,96,12%,9,Fashion,,,
around.vision,available,94,22%,6,"Business,General,Media,Technology",,,
abject.vision,available,94,7%,6,Humanities,,,
virtuoso.vision,available,94,16%,8,"Arts,Entertainment",,,
adequate.vision,available,94,9%,8,"Education,Healthcare,Technology",,,
nought.vision,available,92,4%,6,Mathematics,,,
adjective.vision,available,92,5%,9,Education,,,
adept.vision,available,92,24%,5,"Education,Health and Fitness,Sports",,,
twentieth.vision,available,92,3%,9,Mathematics,,,
exemplary.vision,available,92,5%,9,"Business,Education,Healthcare",,,
abroad.vision,available,92,12%,6,"Hospitality,Travel",,,
next.vision,available,92,43%,4,"Retail,Technology,Transportation",,,
derelict.vision,available,92,7%,8,"Construction,Real Estate",,,
neutral.vision,resell,92,20%,7,"Business,Media,Politics",02/03/2022 05:49,02/03/2026 05:49,"Name.com, Inc."
endearing.vision,available,90,1%,9,"Entertainment,Fashion,Retail",,,
riveting.vision,available,90,6%,8,"Entertainment,Media,Technology",,,
additional.vision,available,90,8%,10,"Fashion,Retail,Technology",,,
leash.vision,available,90,7%,5,"General,Health and Fitness,Retail",,,
abortive.vision,available,90,1%,8,"Medicine,Science",,,
addictive.vision,available,90,9%,9,Healthcare,,,
adoring.vision,available,90,2%,7,"Entertainment,Fashion,Retail",,,
gripping.vision,available,90,3%,8,"Entertainment,Media,Technology",,,
clear.vision,resell,90,47%,5,"Manufacturing,Retail,Technology",23/08/2015 16:00,23/08/2026 16:00,"Global Domains International, Inc. DBA DomainCostClub.com"
proficient.vision,available,88,8%,10,"Education,Health and Fitness,Sports",,,
sixteen.vision,available,88,11%,7,Mathematics,,,
ten.vision,available,88,28%,3,"General,Mathematics",,,
ace.vision,available,88,34%,3,Sports,,,
eleven.vision,available,88,33%,6,Mathematics,,,
activist.vision,available,88,12%,8,"Humanities,Politics",,,
twelve.vision,available,88,18%,6,"General,Mathematics",,,
actionable.vision,available,88,13%,10,"Business,Law",,,
fifteen.vision,available,88,13%,7,Mathematics,,,
adlib.vision,available,88,7%,6,Entertainment,,,
three.vision,resell,88,24%,5,Mathematics,22/01/2025 01:15,22/01/2026 01:15,Dynadot Inc
adolescent.vision,available,86,3%,10,"Education,Entertainment,Healthcare",,,
attendant.vision,available,86,5%,9,"Healthcare,Hospitality,Transportation",,,
xix.vision,available,86,11%,3,Mathematics,,,
aboriginal.vision,available,86,10%,10,Humanities,,,
engrossing.vision,available,86,0%,10,"Entertainment,Media,Technology",,,
xiv.vision,available,86,12%,3,Mathematics,,,
extempore.vision,available,86,3%,9,Entertainment,,,
cipher.vision,available,86,29%,6,Mathematics,,,
recondite.vision,available,86,4%,9,"Arts,Humanities,Science",,,
nineteen.vision,available,84,8%,8,Mathematics,,,
seventeen.vision,available,84,7%,9,Mathematics,,,
acting.vision,available,84,12%,6,Entertainment,,,
adjustable.vision,available,84,3%,10,"Manufacturing,Retail,Technology",,,
fourteen.vision,available,84,8%,8,Mathematics,,,
deviate.vision,available,84,12%,7,"Medicine,Science",,,
twentyone.vision,available,84,13%,10,Mathematics,,,
thirteen.vision,available,84,10%,8,Mathematics,,,
twentytwo.vision,available,84,11%,10,Mathematics,,,
thousand.vision,available,84,8%,8,Mathematics,,,
accessory.vision,available,84,8%,9,"Fashion,Retail,Technology",,,
cleansing.vision,available,82,3%,9,Health and Fitness,,,
abroach.vision,available,82,1%,7,Food and Beverage,,,
abenaki.vision,available,82,2%,7,Geography,,,
good.vision,resell,82,47%,4,"Food and Beverage,General,Health and Fitness,Retail",23/10/2015 13:27,23/10/2025 13:27,"Spaceship, Inc."
fivesome.vision,available,82,1%,8,Sports,,,
dozen.vision,available,82,10%,5,Mathematics,,,
absorbent.vision,available,82,3%,9,"Healthcare,Manufacturing,Retail",,,
decade.vision,available,82,10%,6,Mathematics,,,
abkhaz.vision,available,82,1%,6,Geography,,,
impromptu.vision,available,82,16%,9,Entertainment,,,
abdominal.vision,available,82,1%,9,"Health and Fitness,Medicine",,,
abundant.vision,available,80,19%,8,"Agriculture,Manufacturing,Retail",,,
dorsal.vision,available,80,6%,6,"Medicine,Science",,,
sequent.vision,available,80,7%,7,"Healthcare,Insurance,Transportation",,,
forty.vision,available,80,9%,5,Mathematics,,,
two.vision,available,80,24%,3,Mathematics,,,
absurd.vision,available,80,16%,6,"Arts,Entertainment,Media",,,
first.vision,resell,80,36%,5,"General,Mathematics",03/03/2020 06:00,03/03/2026 06:00,Porkbun LLC
worshipful.vision,available,80,1%,10,"Education,Healthcare,Religion",,,
adoptable.vision,available,80,3%,9,"Education,Healthcare",,,
absorbable.vision,available,80,0%,10,"Healthcare,Pharmaceuticals,Science",,,
capable.vision,available,80,12%,7,"Business,Education,Technology",,,
able.vision,available,80,29%,4,"Business,Education,General,Technology",,,
accurate.vision,available,78,16%,8,"Engineering,Mathematics,Science",,,
accidental.vision,available,78,11%,10,"Healthcare,Insurance,Transportation",,,
dormant.vision,available,78,4%,7,"Medicine,Science",,,
sixtynine.vision,available,78,8%,10,Mathematics,,,
abkhazian.vision,available,78,1%,9,Geography,,,
athletic.vision,resell,78,15%,8,"Health and Fitness,Sports",31/07/2021 13:59,31/07/2026 13:59,"NameCheap, Inc."
abkhasian.vision,available,78,1%,9,Geography,,,
adrenal.vision,available,78,4%,7,"Education,Healthcare,Science",,,
adorable.vision,available,78,8%,8,"Entertainment,Fashion,Retail",,,
twentysix.vision,available,78,8%,10,Mathematics,,,
recognised.vision,available,78,3%,10,"Business,Education,Technology",,,
acceptable.vision,available,78,5%,10,"Business,Hospitality,Retail",,,
absorptive.vision,available,78,1%,10,"Healthcare,Manufacturing,Retail",,,
accessible.vision,expiring,78,21%,10,"Healthcare,Retail,Technology",25/08/2024 05:38,25/08/2025 05:38,Porkbun LLC
adjacent.vision,available,78,9%,8,"Construction,Real Estate,Retail",,,
honestly.vision,available,78,9%,8,"Business,Law",,,
abounding.vision,available,78,2%,9,Agriculture,,,
accepted.vision,available,78,6%,8,"Business,Education,Technology",,,
recognized.vision,available,78,3%,10,"Business,Education,Technology",,,
acceptant.vision,available,78,1%,9,"Education,Healthcare",,,
hundredth.vision,available,76,1%,9,Mathematics,,,
fourteenth.vision,available,76,1%,10,Mathematics,,,
thirteenth.vision,available,76,4%,10,Mathematics,,,
energizing.vision,available,76,3%,10,"Food and Beverage,Health and Fitness,Travel",,,
ancillary.vision,available,76,6%,9,"Healthcare,Manufacturing,Technology",,,
addable.vision,available,76,2%,7,"Engineering,Mathematics,Science",,,
obscene.vision,available,76,5%,7,"Entertainment,Media",,,
adipose.vision,available,76,2%,7,"Healthcare,Science",,,
incidental.vision,available,76,4%,10,"Healthcare,Insurance,Transportation",,,
adaptable.vision,available,76,9%,9,"Business,Education,Technology",,,
resultant.vision,available,76,2%,9,"Healthcare,Insurance,Transportation",,,
nineteenth.vision,available,76,3%,10,Mathematics,,,
improvise.vision,available,76,4%,9,Entertainment,,,
adhesive.vision,available,76,7%,8,"Construction,Manufacturing,Technology",,,
auxiliary.vision,available,76,7%,9,"Healthcare,Manufacturing,Technology",,,
firstrate.vision,available,76,6%,10,Business,,,
threed.vision,available,76,7%,7,Technology,,,
ventral.vision,available,76,3%,7,Science,,,
diamond.vision,available,76,32%,7,Fashion,,,
fifteenth.vision,available,76,2%,9,Mathematics,,,
ague.vision,available,76,2%,4,"Geography,Medicine,Science",,,
adherent.vision,available,76,4%,8,"Politics,Religion",,,
thousandth.vision,available,76,1%,10,Mathematics,,,
abrasive.vision,available,76,6%,8,"Construction,Manufacturing",,,
eighteen.vision,available,76,7%,8,Mathematics,,,
acoustic.vision,available,76,14%,8,Science,,,
adapted.vision,available,74,6%,7,"Healthcare,Manufacturing,Technology",,,
realizable.vision,available,74,1%,10,"Business,Education,Technology",,,
playing.vision,available,74,12%,7,Entertainment,,,
broad.vision,resell,74,13%,5,"Entertainment,General,Media",19/09/2022 13:15,19/09/2026 13:15,"Spaceship, Inc."
abnormal.vision,available,74,16%,8,"Medicine,Science",,,
acuate.vision,available,74,2%,6,"Engineering,Medicine,Science",,,
admirable.vision,available,74,5%,9,"Business,Education,Healthcare",,,
activated.vision,available,74,9%,9,"Healthcare,Manufacturing,Technology",,,
single.vision,available,74,19%,6,Sports,,,
achievable.vision,available,74,4%,10,"Business,Education,Technology",,,
sensation.vision,available,74,7%,9,"Entertainment,Media,Sports",,,
accepting.vision,available,74,3%,9,"Education,Healthcare",,,
adrenergic.vision,available,74,1%,10,"Education,Healthcare,Science",,,
mavin.vision,available,74,7%,5,"Entertainment,Fashion,Technology",,,
cleared.vision,available,74,7%,7,"Healthcare,Law,Transportation",,,
skilful.vision,available,74,3%,7,"Education,Health and Fitness,Sports",,,
adenoid.vision,available,74,1%,7,"Health and Fitness,Medicine,Science",,,
manageable.vision,available,74,4%,10,"Business,Education,Technology",,,
accusative.vision,available,72,0%,10,"Humanities,Law",,,
sixtieth.vision,available,72,1%,8,Mathematics,,,
ablaze.vision,available,72,6%,6,Entertainment,,,
accustomed.vision,available,72,1%,10,"Business,Education,Humanities",,,
absolutist.vision,available,72,1%,10,"Humanities,Law,Politics",,,
ternary.vision,available,72,7%,7,Mathematics,,,
existent.vision,available,72,3%,8,"Mathematics,Science",,,
adjectival.vision,available,72,1%,10,Education,,,
eightieth.vision,available,72,1%,9,Mathematics,,,
absorbed.vision,available,72,2%,8,"Entertainment,Media,Technology",,,
addicted.vision,available,72,9%,8,Healthcare,,,
seventieth.vision,available,72,1%,10,Mathematics,,,
trinity.vision,available,72,18%,7,Religion,,,
abloom.vision,available,72,5%,6,Agriculture,,,
abreast.vision,available,72,2%,7,"Business,Technology",,,
aching.vision,available,72,4%,6,Healthcare,,,
ninetieth.vision,available,72,1%,9,Mathematics,,,
adjunctive.vision,available,72,1%,10,"Healthcare,Manufacturing,Technology",,,
adiabatic.vision,available,72,3%,9,"Engineering,Science",,,
deep.vision,resell,72,41%,4,"Engineering,Mathematics,Science",02/07/2014 17:49,02/07/2026 17:49,"NameCheap, Inc."
adaptative.vision,available,72,1%,10,"Business,Education,Technology",,,
trey.vision,available,72,14%,4,Sports,,,
improvize.vision,available,72,1%,9,Entertainment,,,
adonic.vision,available,72,2%,6,"Arts,Education,Entertainment",,,
engrossed.vision,available,72,1%,9,"Entertainment,Media,Technology",,,
stillborn.vision,available,70,2%,9,"Medicine,Science",,,
adored.vision,available,70,6%,6,"Entertainment,Fashion,Retail",,,
absorbing.vision,available,70,3%,9,"Entertainment,Media,Technology",,,
recumbent.vision,available,70,2%,9,"Healthcare,Medicine,Science",,,
adjusted.vision,available,70,5%,8,"Manufacturing,Retail,Technology",,,
gymnastic.vision,available,70,3%,9,"Entertainment,Sports",,,
consequent.vision,available,70,3%,10,"Business,Education,General,Technology",,,
adamantine.vision,available,70,4%,10,Religion,,,
abradant.vision,available,70,1%,8,"Construction,Manufacturing",,,
lowdown.vision,available,70,6%,8,"Entertainment,Media",,,
skillful.vision,available,70,9%,8,"Education,Health and Fitness,Sports",,,
admired.vision,available,70,5%,7,"Business,Education,Healthcare",,,
abulic.vision,available,70,1%,6,Medicine,,,
accumbent.vision,available,70,1%,9,"Healthcare,Medicine,Science",,,
offhand.vision,available,70,2%,7,Entertainment,,,
miserable.vision,available,70,4%,9,Humanities,,,
acuminate.vision,available,70,1%,9,"Engineering,Medicine,Science",,,
practiced.vision,available,70,3%,9,"Education,Health and Fitness,Sports",,,
aculeate.vision,available,68,1%,8,"Engineering,Medicine,Science",,,
activating.vision,available,68,3%,10,"Healthcare,Manufacturing,Technology",,,
ablative.vision,available,68,3%,8,Science,,,
licenced.vision,available,68,2%,8,"Business,Healthcare,Insurance",,,
achaian.vision,available,68,2%,7,Humanities,,,
foursome.vision,available,68,4%,8,Sports,,,
vindicated.vision,available,68,2%,10,"Humanities,Law,Politics",,,
achaean.vision,available,68,2%,7,Humanities,,,
fortieth.vision,available,68,0%,8,Mathematics,,,
overseas.vision,available,68,12%,8,"Hospitality,Travel",,,
acerate.vision,available,68,1%,7,Science,,,
disciple.vision,available,68,14%,8,"Education,Religion",,,
thirtieth.vision,available,68,1%,9,Mathematics,,,
ane.vision,available,68,12%,3,Mathematics,,,
septenary.vision,available,68,1%,9,Mathematics,,,
abkhas.vision,available,68,0%,6,Geography,,,
sevener.vision,available,68,1%,7,Mathematics,,,
aroused.vision,available,68,3%,7,"Entertainment,Health and Fitness",,,
licensed.vision,available,68,5%,8,"Business,Healthcare,Insurance",,,
aberdonian.vision,available,68,1%,10,Geography,,,
accredited.vision,available,68,9%,10,"Business,Education,Healthcare",,,
threesome.vision,available,68,5%,9,Entertainment,,,
fiftieth.vision,available,68,0%,8,Mathematics,,,
ennead.vision,available,68,5%,6,Mathematics,,,
stygian.vision,available,68,5%,7,Humanities,,,
abducent.vision,available,68,0%,8,Medicine,,,
decorated.vision,available,68,3%,9,"Entertainment,Fashion,Retail",,,
octonary.vision,available,68,1%,8,Mathematics,,,
abnaki.vision,available,68,1%,6,Geography,,,
scurvy.vision,available,68,3%,6,Humanities,,,
xxii.vision,available,66,6%,4,Mathematics,,,
five.vision,available,66,26%,4,Mathematics,,,
xvi.vision,available,66,5%,3,Mathematics,,,
tenner.vision,available,66,5%,6,Finance,,,
xvii.vision,available,66,5%,4,Mathematics,,,
xxvi.vision,available,66,3%,4,Mathematics,,,
clv.vision,available,66,10%,3,Mathematics,,,
abstinent.vision,available,66,1%,9,"Health and Fitness,Religion",,,
xxv.vision,available,66,6%,3,Mathematics,,,
adopted.vision,available,66,4%,7,"Education,Healthcare",,,
xxi.vision,available,66,10%,3,Mathematics,,,
latest.vision,available,66,18%,6,Technology,,,
ninety.vision,available,66,11%,6,Mathematics,,,
eighty.vision,available,66,6%,6,Mathematics,,,
xiii.vision,available,66,9%,4,Mathematics,,,
teenager.vision,available,66,4%,8,"Education,Entertainment,Healthcare",,,
modish.vision,available,66,5%,6,Fashion,,,
adorned.vision,available,66,5%,7,"Entertainment,Fashion,Retail",,,
deuce.vision,available,66,9%,5,Sports,,,
xviii.vision,available,66,5%,5,Mathematics,,,
exonerated.vision,available,66,2%,10,"Humanities,Law,Politics",,,
accessary.vision,available,66,1%,9,"Business,Law,Technology",,,
acrobatic.vision,available,66,4%,9,"Entertainment,Sports",,,
century.vision,resell,66,17%,7,Education,21/10/2024 19:44,21/10/2025 19:44,"Sav.com, LLC"
sextet.vision,available,66,1%,6,Entertainment,,,
performing.vision,available,66,6%,10,Entertainment,,,
thirty.vision,available,66,8%,6,Mathematics,,,
fifty.vision,available,66,12%,5,Mathematics,,,
acappella.vision,available,66,6%,10,Entertainment,,,
acervate.vision,available,66,1%,8,Science,,,
buzzing.vision,available,66,7%,7,"Entertainment,Media,Technology",,,
onec.vision,available,66,6%,5,Mathematics,,,
according.vision,available,66,3%,9,"Business,Education,Technology",,,
xii.vision,available,66,10%,3,Mathematics,,,
aflame.vision,available,64,3%,6,Entertainment,,,
scatty.vision,available,64,1%,6,"Arts,Entertainment,Media",,,
adagio.vision,available,64,14%,6,Entertainment,,,
absolved.vision,available,64,1%,8,"Humanities,Law,Religion",,,
nondrinker.vision,available,64,1%,10,"Health and Fitness,Religion",,,
astringent.vision,available,64,1%,10,"Healthcare,Pharmaceuticals",,,
accordant.vision,available,64,3%,9,"Arts,Entertainment",,,
acentric.vision,available,64,2%,8,Science,,,
deviant.vision,available,64,12%,7,"Medicine,Science",,,
rising.vision,available,64,18%,6,"Construction,Manufacturing,Real Estate",,,
orso.vision,available,62,9%,5,"Business,Media,Technology",,,
admissible.vision,available,62,1%,10,"Education,Healthcare,Law",,,
accusing.vision,available,62,1%,8,Law,,,
pungent.vision,available,62,1%,7,Food and Beverage,,,
twodozen.vision,available,62,1%,9,Mathematics,,,
activation.vision,available,62,16%,10,"Healthcare,Manufacturing,Technology",,,
adjuvant.vision,available,62,5%,8,"Healthcare,Manufacturing,Technology",,,
accrued.vision,available,62,2%,7,"Banking,Finance,Insurance",,,
roughly.vision,available,62,3%,7,"Business,Media,Technology",,,
exculpated.vision,available,62,1%,10,"Humanities,Law,Politics",,,
playacting.vision,available,62,1%,10,Entertainment,,,
ensuant.vision,available,62,1%,7,"Healthcare,Insurance,Transportation",,,
troika.vision,available,62,8%,6,Politics,,,
adoptive.vision,available,62,1%,8,"Education,Healthcare",,,
longdozen.vision,available,62,2%,10,Mathematics,,,
aufait.vision,available,62,3%,7,"Fashion,Media",,,
fortyfour.vision,available,62,6%,10,Mathematics,,,
aborigine.vision,available,62,1%,9,Humanities,,,
quartet.vision,available,62,7%,7,"Arts,Entertainment",,,
activistic.vision,available,62,1%,10,"Humanities,Politics",,,
chiliad.vision,available,62,2%,7,Mathematics,,,
cumulative.vision,available,62,2%,10,"Banking,Finance,Insurance",,,
nail.vision,available,62,16%,4,"Construction,Fashion,General,Retail",,,
eleventh.vision,available,62,5%,8,Mathematics,,,
sixteenth.vision,available,62,1%,9,Mathematics,,,
eighteenth.vision,available,62,1%,10,Mathematics,,,
abo.vision,available,62,15%,3,Science,,,
wrapped.vision,available,62,13%,7,"Fashion,Hospitality,Retail",,,
acidic.vision,available,62,5%,6,"Food and Beverage,Science",,,
tertiary.vision,available,60,4%,8,Education,,,
cxxx.vision,available,60,4%,4,Mathematics,,,
clx.vision,available,60,10%,3,Mathematics,,,
sixty.vision,available,60,13%,5,Mathematics,,,
clxv.vision,available,60,1%,4,Mathematics,,,
abashed.vision,available,60,1%,7,Humanities,,,
idolised.vision,available,60,1%,8,"Entertainment,Fashion,Retail",,,
thou.vision,available,60,7%,4,Mathematics,,,
clxx.vision,available,60,3%,4,Mathematics,,,
eightysix.vision,available,60,7%,10,Mathematics,,,
abstainer.vision,available,60,0%,9,"Health and Fitness,Religion",,,
abstemious.vision,available,60,0%,10,"Food and Beverage,Health and Fitness,Hospitality",,,
clxxv.vision,available,60,1%,5,Mathematics,,,
idolized.vision,available,60,3%,8,"Entertainment,Fashion,Retail",,,
adnate.vision,available,60,1%,6,"Agriculture,Manufacturing,Retail",,,
paunchy.vision,available,60,0%,7,"Health and Fitness,Medicine",,,
xcl.vision,available,60,5%,3,Mathematics,,,
cxv.vision,available,60,4%,3,Mathematics,,,
clxxx.vision,available,60,1%,5,Mathematics,,,
adnexal.vision,available,60,1%,7,"Agriculture,Manufacturing,Retail",,,
cxlv.vision,available,60,2%,4,Mathematics,,,
cxxxv.vision,available,60,2%,5,Mathematics,,,
annexal.vision,available,60,1%,7,"Agriculture,Manufacturing,Retail",,,
acceptive.vision,available,60,1%,9,"Education,Healthcare",,,
cxl.vision,available,60,7%,3,Mathematics,,,
aboveboard.vision,available,60,5%,10,"Business,Law",,,
cxxv.vision,available,60,1%,4,Mathematics,,,
cautionary.vision,available,60,1%,10,"Business,Education,Healthcare",,,
octet.vision,available,60,12%,5,Arts,,,
cxx.vision,available,60,10%,3,Mathematics,,,
tercet.vision,available,59,2%,6,"Arts,Entertainment,Media",,,
abused.vision,available,58,5%,6,"Healthcare,Law",,,
pentad.vision,available,58,2%,6,Mathematics,,,
niner.vision,available,58,5%,5,Mathematics,,,
sextuplet.vision,available,58,1%,9,Healthcare,,,
heptad.vision,available,58,1%,6,Mathematics,,,
ache.vision,available,58,7%,4,Healthcare,,,
adjustive.vision,available,58,1%,9,"Manufacturing,Retail,Technology",,,
linear.vision,available,58,22%,6,"Engineering,Mathematics,Science",,,
tetrad.vision,available,58,5%,6,Mathematics,,,
centesimal.vision,available,58,1%,10,Mathematics,,,
lxxviii.vision,available,58,1%,7,Mathematics,,,
justabout.vision,available,58,3%,10,"Business,Media,Technology",,,
accretive.vision,available,58,6%,9,"Banking,Finance,Insurance",,,
hexad.vision,available,58,4%,5,Mathematics,,,
abridged.vision,available,58,4%,8,Media,,,
twelfth.vision,available,58,2%,7,Mathematics,,,
alacarte.vision,available,58,11%,10,Food and Beverage,,,
aucourant.vision,available,58,3%,10,"Fashion,Media",,,
lxxx.vision,available,58,2%,4,Mathematics,,,
fourscore.vision,available,58,4%,9,Mathematics,,,
enwrapped.vision,available,58,0%,9,"Entertainment,Fashion,Media",,,
addible.vision,available,58,2%,7,"Engineering,Mathematics,Science",,,
acyclic.vision,available,58,4%,7,"Engineering,Mathematics,Science",,,
eighter.vision,available,58,2%,7,Mathematics,,,
accoutred.vision,available,58,1%,9,"Fashion,Manufacturing,Retail",,,
addressed.vision,available,58,3%,9,"Business,Technology,Telecommunications",,,
actuarial.vision,available,58,8%,9,"Finance,Insurance,Mathematics",,,
sixer.vision,available,58,5%,5,Sports,,,
sixtyone.vision,available,58,3%,9,Mathematics,,,
abandoned.vision,available,58,10%,9,"Construction,Real Estate",,,
accented.vision,available,58,3%,8,"Arts,Entertainment",,,
fifth.vision,available,58,12%,5,Mathematics,,,
cypher.vision,available,58,29%,6,Mathematics,,,
adient.vision,available,58,4%,6,"Medicine,Science",,,
quintet.vision,available,58,8%,7,"Arts,Entertainment",,,
closeto.vision,available,58,3%,8,"Business,Media,Technology",,,
offhanded.vision,available,58,1%,9,Entertainment,,,
abuzz.vision,available,58,5%,5,"Entertainment,Media,Technology",,,
octad.vision,available,58,5%,5,Mathematics,,,
acetic.vision,available,58,1%,6,"Food and Beverage,Science",,,
adhoc.vision,available,58,24%,6,"Business,Engineering,Technology",,,
seventy.vision,available,58,7%,7,Mathematics,,,
fourth.vision,available,58,13%,6,Mathematics,,,
fiftytwo.vision,available,56,6%,9,Mathematics,,,
fortynine.vision,available,56,3%,10,Mathematics,,,
lvii.vision,available,56,1%,4,Mathematics,,,
admittable.vision,available,56,1%,10,"Education,Healthcare,Hospitality",,,
xlii.vision,available,56,5%,4,Mathematics,,,
admittible.vision,available,56,1%,10,"Education,Healthcare,Hospitality",,,
fiftyfive.vision,available,56,7%,10,Mathematics,,,
xxxv.vision,available,56,4%,4,Mathematics,,,
fortytwo.vision,expiring,56,17%,9,Mathematics,08/09/2024 06:46,08/09/2025 06:46,united-domains GmbH
appressed.vision,available,56,0%,9,"Agriculture,Manufacturing,Retail",,,
xlvi.vision,available,56,3%,4,Mathematics,,,
xxix.vision,available,56,4%,4,Mathematics,,,
potbellied.vision,available,56,0%,10,"Health and Fitness,Medicine",,,
xxviii.vision,available,56,1%,6,Mathematics,,,
xxiv.vision,available,56,5%,4,Mathematics,,,
fiftynine.vision,available,56,4%,10,Mathematics,,,
abdominous.vision,available,56,0%,10,"Health and Fitness,Medicine",,,
addled.vision,available,56,2%,6,Entertainment,,,
accoutered.vision,available,56,0%,10,"Fashion,Manufacturing,Retail",,,
xxxi.vision,available,56,9%,4,Mathematics,,,
xxxiv.vision,available,56,1%,5,Mathematics,,,
xxxvii.vision,available,56,2%,6,Mathematics,,,
xxxii.vision,available,56,1%,5,Mathematics,,,
xxxiii.vision,available,56,2%,6,Mathematics,,,
lii.vision,available,56,7%,3,Mathematics,,,
ilx.vision,available,56,5%,3,Mathematics,,,
thirtysix.vision,available,56,5%,10,Mathematics,,,
maledict.vision,available,56,1%,8,Religion,,,
xlviii.vision,available,56,1%,6,Mathematics,,,
fortyone.vision,available,56,4%,9,Mathematics,,,
xli.vision,available,56,5%,3,Mathematics,,,
xliii.vision,available,56,1%,5,Mathematics,,,
aone.vision,available,56,15%,5,Food and Beverage,,,
xxiii.vision,available,56,5%,5,Mathematics,,,
xxxviii.vision,available,56,1%,7,Mathematics,,,
fiftysix.vision,available,56,4%,9,Mathematics,,,
thirtyone.vision,available,56,5%,10,Mathematics,,,
xlv.vision,available,56,6%,3,Mathematics,,,
admissive.vision,available,56,1%,9,"Education,Healthcare,Hospitality",,,
lviii.vision,available,56,1%,5,Mathematics,,,
fiftyfour.vision,available,56,3%,10,Mathematics,,,
halfdozen.vision,available,56,1%,10,Mathematics,,,
abeyant.vision,available,56,1%,7,"Business,Law",,,
liii.vision,available,56,4%,4,Mathematics,,,
lvi.vision,available,56,8%,3,Mathematics,,,
triad.vision,available,56,15%,5,Arts,,,
thirtytwo.vision,available,56,5%,10,Mathematics,,,
terzetto.vision,available,56,3%,8,Arts,,,
fortysix.vision,available,56,3%,9,Mathematics,,,
xxxvi.vision,available,56,1%,5,Mathematics,,,
xxvii.vision,available,56,3%,5,Mathematics,,,
xliv.vision,available,56,2%,4,Mathematics,,,
xlvii.vision,available,56,2%,5,Mathematics,,,
quadruplet.vision,available,54,1%,10,"Healthcare,Medicine,Science",,,
adductive.vision,available,54,0%,9,"Engineering,Mathematics,Science",,,
deuceace.vision,available,54,2%,9,Sports,,,
adjuratory.vision,available,54,0%,10,"Law,Politics,Religion",,,
adpressed.vision,available,54,0%,9,"Agriculture,Manufacturing,Retail",,,
quintuplet.vision,available,54,1%,10,"Healthcare,Medicine,Science",,,
abaxial.vision,available,54,1%,7,Science,,,
deserted.vision,available,54,3%,8,"Hospitality,Real Estate",,,
achromatic.vision,available,54,4%,10,Science,,,
viii.vision,available,54,6%,4,Mathematics,,,
threescore.vision,available,54,1%,10,Mathematics,,,
quaternity.vision,available,54,4%,10,Mathematics,,,
unnatural.vision,available,54,4%,9,"Medicine,Science",,,
acoustical.vision,available,54,4%,10,Science,,,
quatern.vision,available,54,2%,7,Mathematics,,,
accursed.vision,available,54,3%,8,"Entertainment,Media,Religion",,,
abhorrent.vision,available,54,1%,9,Humanities,,,
abatable.vision,available,54,1%,8,Law,,,
adducent.vision,available,54,1%,8,"Engineering,Mathematics,Science",,,
actuated.vision,available,54,2%,8,"Automotive,Manufacturing,Technology",,,
aboral.vision,available,54,2%,6,Science,,,
ternion.vision,available,54,3%,7,Mathematics,,,
vii.vision,available,54,13%,3,Mathematics,,,
accentual.vision,available,54,3%,9,"Arts,Entertainment",,,
topnotch.vision,available,54,18%,8,Business,,,
admonitory.vision,available,54,0%,10,"Business,Education,Healthcare",,,
sise.vision,available,54,5%,4,Mathematics,,,
fortyfive.vision,available,54,4%,10,Mathematics,,,
quaternion.vision,available,54,6%,10,Mathematics,,,
abient.vision,available,54,1%,6,Science,,,
twoscore.vision,available,54,2%,8,Mathematics,,,
monitory.vision,available,54,3%,8,"Business,Education,Healthcare",,,
adaxial.vision,available,54,2%,7,Science,,,
abasic.vision,available,54,1%,6,Science,,,
abducens.vision,available,54,1%,8,Medicine,,,
abatic.vision,available,54,1%,6,Science,,,
achy.vision,available,54,3%,4,Healthcare,,,
adducting.vision,available,54,1%,9,"Engineering,Mathematics,Science",,,
scratchy.vision,available,54,3%,8,Fashion,,,
septet.vision,available,53,1%,6,General,,,
sestet.vision,available,53,1%,6,Arts,,,
ixc.vision,available,52,5%,3,Mathematics,,,
eightytwo.vision,available,52,4%,10,Mathematics,,,
abysmal.vision,available,52,4%,7,"Arts,Entertainment,Media",,,
lxi.vision,available,52,5%,3,Mathematics,,,
odious.vision,available,52,2%,6,"Entertainment,Humanities",,,
ninetysix.vision,available,52,4%,10,Mathematics,,,
ablated.vision,available,52,1%,7,Science,,,
aboulic.vision,available,52,1%,7,Medicine,,,
lxxxv.vision,available,52,1%,5,Mathematics,,,
lxvii.vision,available,52,1%,5,Mathematics,,,
lxviii.vision,available,52,1%,6,Mathematics,,,
sixtytwo.vision,available,52,3%,9,Mathematics,,,
abominable.vision,available,52,2%,10,"Entertainment,Humanities",,,
xcvi.vision,available,52,2%,4,Mathematics,,,
xcvii.vision,available,52,1%,5,Mathematics,,,
littlejoe.vision,available,52,2%,10,"Entertainment,Media",,,
lxiii.vision,available,52,2%,5,Mathematics,,,
lxiv.vision,available,52,3%,4,Mathematics,,,
decumbent.vision,available,52,1%,9,"Healthcare,Medicine,Science",,,
lxxii.vision,available,52,1%,5,Mathematics,,,
xcv.vision,available,52,7%,3,Mathematics,,,
ninetytwo.vision,available,52,4%,10,Mathematics,,,
lxxiii.vision,available,52,1%,6,Mathematics,,,
lxxxii.vision,available,52,1%,6,Mathematics,,,
lxxxvi.vision,available,52,1%,6,Mathematics,,,
eightyone.vision,available,52,3%,10,Mathematics,,,
xci.vision,available,52,4%,3,Mathematics,,,
xciv.vision,available,52,2%,4,Mathematics,,,
lxxxiii.vision,available,52,1%,7,Mathematics,,,
lxxv.vision,available,52,1%,4,Mathematics,,,
adenoidal.vision,available,52,1%,9,"Health and Fitness,Medicine,Science",,,
lxv.vision,available,52,5%,3,Mathematics,,,
tierce.vision,available,52,3%,6,General,,,
xcii.vision,available,52,2%,4,Mathematics,,,
lxxvii.vision,available,52,2%,6,Mathematics,,,
repugnant.vision,available,52,1%,9,Humanities,,,
xciii.vision,available,52,1%,5,Mathematics,,,
sixtysix.vision,available,52,4%,9,Mathematics,,,
lxxiv.vision,available,52,1%,5,Mathematics,,,
lxvi.vision,available,52,3%,4,Mathematics,,,
sixtyfive.vision,available,52,3%,10,Mathematics,,,
ninetyone.vision,available,52,5%,10,Mathematics,,,
abstruse.vision,available,52,5%,8,"Humanities,Mathematics,Science",,,
xcviii.vision,available,52,1%,6,Mathematics,,,
lxxi.vision,available,52,1%,4,Mathematics,,,
chagrined.vision,available,52,1%,9,Humanities,,,
ixl.vision,available,52,9%,3,Mathematics,,,
lxxxi.vision,available,52,1%,5,Mathematics,,,
abusive.vision,available,52,3%,7,"Healthcare,Law",,,
lxxxvii.vision,available,52,1%,7,Mathematics,,,
sixtyfour.vision,available,52,3%,10,Mathematics,,,
detestable.vision,available,52,1%,10,Humanities,,,
uphill.vision,available,52,7%,6,"Sports,Transportation,Travel",,,
repulsive.vision,available,52,1%,9,Humanities,,,
lxii.vision,available,52,1%,4,Mathematics,,,
lxxvi.vision,available,52,1%,5,Mathematics,,,
lxxxiv.vision,available,52,1%,6,Mathematics,,,
triplet.vision,available,50,8%,7,Science,,,
cinque.vision,available,50,7%,6,Mathematics,,,
acquitted.vision,available,50,1%,9,Law,,,
abbatial.vision,available,50,0%,8,Religion,,,
abomasal.vision,available,50,0%,8,Agriculture,,,
acapnic.vision,available,50,0%,7,"Healthcare,Medicine,Science",,,
acerbic.vision,available,50,2%,7,"Arts,Humanities,Media",,,
adactylous.vision,available,50,0%,10,Science,,,
acetous.vision,available,50,1%,7,Science,,,
abactinal.vision,available,50,0%,9,Science,,,
acetose.vision,available,50,1%,7,Science,,,
acapnotic.vision,available,50,0%,9,"Healthcare,Medicine,Science",,,
gillless.vision,available,50,0%,9,Science,,,
acerose.vision,available,50,1%,7,Science,,,
quint.vision,available,50,13%,5,"Arts,Entertainment",,,
lxx.vision,available,50,5%,3,Mathematics,,,
spinous.vision,available,50,1%,7,"Agriculture,Science",,,
aculeated.vision,available,50,0%,9,"Engineering,Medicine,Science",,,
acellular.vision,available,50,1%,9,Science,,,
trine.vision,available,50,11%,5,"General,Religion",,,
broached.vision,available,50,0%,8,Food and Beverage,,,
ogdoad.vision,available,50,1%,6,Mathematics,,,
abranchial.vision,available,50,0%,10,Science,,,
adhominem.vision,available,50,2%,10,"Humanities,Law,Politics",,,
vinegary.vision,available,50,1%,8,Food and Beverage,,,
acaudal.vision,available,50,1%,7,"Agriculture,Science",,,
scummy.vision,available,50,1%,6,Humanities,,,
needlelike.vision,available,50,0%,10,"Engineering,Medicine,Science",,,
abducting.vision,available,50,0%,9,Medicine,,,
acerb.vision,available,50,2%,5,Science,,,
abdicable.vision,available,50,0%,9,Law,,,
aborticide.vision,available,50,0%,10,Medicine,,,
apriori.vision,available,48,13%,8,Mathematics,,,
notguilty.vision,available,48,5%,10,Law,,,
lxxxviii.vision,available,48,1%,8,Mathematics,,,
ilxxx.vision,available,48,1%,5,Mathematics,,,
ilxx.vision,available,48,1%,4,Mathematics,,,
abyssal.vision,available,48,12%,7,"Arts,Entertainment,Media",,,
execrable.vision,available,48,0%,9,"Entertainment,Humanities",,,
abstracted.vision,available,48,5%,10,"Arts,Humanities,Science",,,
vinegarish.vision,available,46,1%,10,Food and Beverage,,,
acaudate.vision,available,46,1%,8,"Agriculture,Science",,,
acheronian.vision,available,46,1%,10,Humanities,,,
achromic.vision,available,46,2%,8,Science,,,
acarpelous.vision,available,46,0%,10,"Agriculture,Science",,,
acanthotic.vision,available,46,0%,10,"Agriculture,Science",,,
acetylenic.vision,available,46,1%,10,Science,,,
quaternary.vision,available,46,3%,10,Mathematics,,,
acarpous.vision,available,46,0%,8,"Agriculture,Science",,,
acetonic.vision,available,46,1%,8,Science,,,
achenial.vision,available,46,1%,8,Science,,,
achromous.vision,available,46,1%,9,Science,,,
acicular.vision,available,46,2%,8,Science,,,
acephalous.vision,available,46,1%,10,Science,,,
acetylic.vision,available,46,1%,8,Science,,,
cotyloid.vision,available,46,1%,8,Science,,,
acanthoid.vision,available,46,1%,9,"Agriculture,Science",,,
acetabular.vision,available,46,1%,10,Science,,,
stripling.vision,available,46,2%,9,"Education,Entertainment,Healthcare",,,
acanthous.vision,available,46,0%,9,"Agriculture,Science",,,
theabsurd.vision,available,46,1%,10,"Arts,Entertainment,Media",,,
acapnial.vision,available,46,0%,8,"Healthcare,Medicine,Science",,,
stemless.vision,available,46,2%,8,"Agriculture,Science",,,
acherontic.vision,available,44,1%,10,Humanities,,,
accusatory.vision,available,44,1%,10,Law,,,
cotyloidal.vision,available,44,1%,10,Science,,,
phoebe.vision,available,41,14%,6,Science,,,
abscessed.vision,available,41,0%,9,Healthcare,,,
accusive.vision,available,40,1%,8,Law,,,
accurst.vision,available,40,1%,7,Religion,,,
scurrilous.vision,available,40,1%,10,"Entertainment,Media,Politics",,,